Vaccine,Peptide,Dataset,allele,seq_num,start,end,length,peptide,core,icore,score,rank,protein_source,core_peptide
Vaccine1,LPQGQLTAY,MHC I,HLA-B*35:01,2,56,64,9,LPQGQLTAY,LPQGQLTAY,LPQGQLTAY,0.990098,0.01,,
Vaccine1,TMFEVSVAF,MHC I,HLA-B*15:01,6,290,298,9,TMFEVSVAF,TMFEVSVAF,TMFEVSVAF,0.948171,0.01,,
Vaccine1,FLDKGTYTL,MHC I,HLA-A*02:01,2,276,284,9,FLDKGTYTL,FLDKGTYTL,FLDKGTYTL,0.996447,0.01,4.0,
Vaccine1,RVLSVVVLL,MHC I,HLA-A*32:01,2,5,13,9,RVLSVVVLL,RVLSVVVLL,RVLSVVVLL,0.811834,0.02,4.0,
Vaccine1,RPQKRPSCI,MHC I,HLA-B*07:02,3,72,80,9,RPQKRPSCI,RPQKRPSCI,RPQKRPSCI,0.907598,0.04,,
Vaccine1,REVRGSALY,MHC I,HLA-B*44:02,6,558,566,9,REVRGSALY,REVRGSALY,REVRGSALY,0.83786,0.04,,
Vaccine1,ACMLSAPLEK,MHC I,HLA-A*03:01,6,119,128,10,ACMLSAPLEK,AMLSAPLEK,ACMLSAPLEK,0.838157,0.05,,
Vaccine10,LPQGQLTAY,MHC I,HLA-B*35:01,2,56,64,9,LPQGQLTAY,LPQGQLTAY,LPQGQLTAY,0.990098,0.01,,
Vaccine10,TMFEVSVAF,MHC I,HLA-B*15:01,6,290,298,9,TMFEVSVAF,TMFEVSVAF,TMFEVSVAF,0.948171,0.01,,
Vaccine10,FLDKGTYTL,MHC I,HLA-A*02:01,2,276,284,9,FLDKGTYTL,FLDKGTYTL,FLDKGTYTL,0.996447,0.01,4.0,
Vaccine10,RVLSVVVLL,MHC I,HLA-A*32:01,2,5,13,9,RVLSVVVLL,RVLSVVVLL,RVLSVVVLL,0.811834,0.02,4.0,
Vaccine10,RPQKRPSCI,MHC I,HLA-B*07:02,3,72,80,9,RPQKRPSCI,RPQKRPSCI,RPQKRPSCI,0.907598,0.04,,
Vaccine10,ACMLSAPLEK,MHC I,HLA-A*03:01,6,119,128,10,ACMLSAPLEK,AMLSAPLEK,ACMLSAPLEK,0.838157,0.05,,
Vaccine11,VPKPNVEVW,MHC I,HLA-B*53:01,8,45,53,9,VPKPNVEVW,VPKPNVEVW,VPKPNVEVW,0.972539,0.01,,
Vaccine11,RQIPKIQNF,MHC I,HLA-A*32:01,6,597,605,9,RQIPKIQNF,RQIPKIQNF,RQIPKIQNF,0.889949,0.01,,
Vaccine11,FLTKKMTEV,MHC I,HLA-A*02:03,2,579,587,9,FLTKKMTEV,FLTKKMTEV,FLTKKMTEV,0.984382,0.01,4.0,
Vaccine11,RPQKRPSCI,MHC I,HLA-B*07:02,3,72,80,9,RPQKRPSCI,RPQKRPSCI,RPQKRPSCI,0.907598,0.04,,
Vaccine11,RPPRGPPL,MHC I,HLA-B*07:02,2,14,21,8,RPPRGPPL,RP-PRGPPL,RPPRGPPL,0.920705,0.04,,
Vaccine11,MVFLQTHIF,MHC I,HLA-A*32:01,2,563,571,9,MVFLQTHIF,MVFLQTHIF,MVFLQTHIF,0.626712,0.05,2.0,
Vaccine12,GTYKRVTEK,MHC I,HLA-A*30:01,6,180,188,9,GTYKRVTEK,GTYKRVTEK,GTYKRVTEK,0.89547,0.01,,
Vaccine12,TVMEIAGLY,MHC I,HLA-A*26:01,6,666,674,9,TVMEIAGLY,TVMEIAGLY,TVMEIAGLY,0.949046,0.01,,
Vaccine12,FLDKGTYTL,MHC I,HLA-A*02:01,2,276,284,9,FLDKGTYTL,FLDKGTYTL,FLDKGTYTL,0.996447,0.01,4.0,
Vaccine12,LPPWFPPMV,MHC I,HLA-B*51:01,3,606,614,9,LPPWFPPMV,LPPWFPPMV,LPPWFPPMV,0.916408,0.02,,
Vaccine12,FLMGTYKRV,MHC I,HLA-A*02:03,6,177,185,9,FLMGTYKRV,FLMGTYKRV,FLMGTYKRV,0.907479,0.03,,
Vaccine12,RPQKRPSCI,MHC I,HLA-B*07:02,3,72,80,9,RPQKRPSCI,RPQKRPSCI,RPQKRPSCI,0.907598,0.04,,
Vaccine13,GTYKRVTEK,MHC I,HLA-A*30:01,6,180,188,9,GTYKRVTEK,GTYKRVTEK,GTYKRVTEK,0.89547,0.01,,
Vaccine13,DPYQVPFV,MHC I,HLA-B*51:01,1,16,23,8,DPYQVPFV,DPY-QVPFV,DPYQVPFV,0.933071,0.01,,
Vaccine13,AYQAYAAPQLF,MHC I,HLA-A*23:01,1,85,95,11,AYQAYAAPQLF,AYYAAPQLF,AYQAYAAPQLF,0.932468,0.01,,
Vaccine13,ATVKGMQSY,MHC I,HLA-A*30:02,6,338,346,9,ATVKGMQSY,ATVKGMQSY,ATVKGMQSY,0.864779,0.01,,
Vaccine13,IALYLQQNW,MHC I,HLA-B*57:01,10,156,164,9,IALYLQQNW,IALYLQQNW,IALYLQQNW,0.989273,0.01,,
Vaccine13,FTASVSTVV,MHC I,HLA-A*68:02,11,25,33,9,FTASVSTVV,FTASVSTVV,FTASVSTVV,0.903157,0.02,,
Vaccine13,RPPRGPPL,MHC I,HLA-B*07:02,2,14,21,8,RPPRGPPL,RP-PRGPPL,RPPRGPPL,0.920705,0.04,,
Vaccine13,TPDILPVV,MHC I,HLA-B*51:01,2,145,152,8,TPDILPVV,TP-DILPVV,TPDILPVV,0.776849,0.05,7.0,
Vaccine14,GTYKRVTEK,MHC I,HLA-A*30:01,6,180,188,9,GTYKRVTEK,GTYKRVTEK,GTYKRVTEK,0.89547,0.01,,
Vaccine14,DPYQVPFV,MHC I,HLA-B*51:01,1,16,23,8,DPYQVPFV,DPY-QVPFV,DPYQVPFV,0.933071,0.01,,
Vaccine14,AYQAYAAPQLF,MHC I,HLA-A*23:01,1,85,95,11,AYQAYAAPQLF,AYYAAPQLF,AYQAYAAPQLF,0.932468,0.01,,
Vaccine14,ATVKGMQSY,MHC I,HLA-A*30:02,6,338,346,9,ATVKGMQSY,ATVKGMQSY,ATVKGMQSY,0.864779,0.01,,
Vaccine14,IALYLQQNW,MHC I,HLA-B*57:01,10,156,164,9,IALYLQQNW,IALYLQQNW,IALYLQQNW,0.989273,0.01,,
Vaccine14,FTASVSTVV,MHC I,HLA-A*68:02,11,25,33,9,FTASVSTVV,FTASVSTVV,FTASVSTVV,0.903157,0.02,,
Vaccine14,RPPRGPPL,MHC I,HLA-B*07:02,2,14,21,8,RPPRGPPL,RP-PRGPPL,RPPRGPPL,0.920705,0.04,,
Vaccine14,TPDILPVV,MHC I,HLA-B*51:01,2,145,152,8,TPDILPVV,TP-DILPVV,TPDILPVV,0.776849,0.05,7.0,
Vaccine15,NVFDLEGIFR,MHC I,HLA-A*68:01,5,653,662,10,NVFDLEGIFR,NVFDLGIFR,NVFDLEGIFR,0.974065,0.01,,
Vaccine15,ESLWVGVYR,MHC I,HLA-A*68:01,8,160,168,9,ESLWVGVYR,ESLWVGVYR,ESLWVGVYR,0.96839,0.02,,
Vaccine15,GTDNEIFLTK,MHC I,HLA-A*11:01,2,573,582,10,GTDNEIFLTK,GTNEIFLTK,GTDNEIFLTK,0.908671,0.02,4.0,
Vaccine15,ALAEPVDIPAV,MHC I,HLA-A*02:01,6,85,95,11,ALAEPVDIPAV,ALAEDIPAV,ALAEPVDIPAV,0.92261,0.03,,
Vaccine15,KLPHWTPTL,MHC I,HLA-A*02:01,8,77,85,9,KLPHWTPTL,KLPHWTPTL,KLPHWTPTL,0.922262,0.03,,
Vaccine15,VTVTAFWAW,MHC I,HLA-B*57:01,7,346,354,9,VTVTAFWAW,VTVTAFWAW,VTVTAFWAW,0.977265,0.03,,
Vaccine15,VEIPEFPFY,MHC I,HLA-B*44:03,2,28,36,9,VEIPEFPFY,VEIPEFPFY,VEIPEFPFY,0.926398,0.03,6.0,
Vaccine15,YTIPWTELM,MHC I,HLA-A*26:01,6,36,44,9,YTIPWTELM,YTIPWTELM,YTIPWTELM,0.80453,0.04,,
Vaccine15,REVRGSALY,MHC I,HLA-B*44:02,6,558,566,9,REVRGSALY,REVRGSALY,REVRGSALY,0.83786,0.04,,
Vaccine15,IFLIGFALF,MHC I,HLA-A*23:01,12,459,467,9,IFLIGFALF,IFLIGFALF,IFLIGFALF,0.837624,0.04,,
Vaccine16,NVFDLEGIFR,MHC I,HLA-A*68:01,5,653,662,10,NVFDLEGIFR,NVFDLGIFR,NVFDLEGIFR,0.974065,0.01,,
Vaccine16,ESLWVGVYR,MHC I,HLA-A*68:01,8,160,168,9,ESLWVGVYR,ESLWVGVYR,ESLWVGVYR,0.96839,0.02,,
Vaccine16,GTDNEIFLTK,MHC I,HLA-A*11:01,2,573,582,10,GTDNEIFLTK,GTNEIFLTK,GTDNEIFLTK,0.908671,0.02,4.0,
Vaccine16,ALAEPVDIPAV,MHC I,HLA-A*02:01,6,85,95,11,ALAEPVDIPAV,ALAEDIPAV,ALAEPVDIPAV,0.92261,0.03,,
Vaccine16,KLPHWTPTL,MHC I,HLA-A*02:01,8,77,85,9,KLPHWTPTL,KLPHWTPTL,KLPHWTPTL,0.922262,0.03,,
Vaccine16,VTVTAFWAW,MHC I,HLA-B*57:01,7,346,354,9,VTVTAFWAW,VTVTAFWAW,VTVTAFWAW,0.977265,0.03,,
Vaccine16,VEIPEFPFY,MHC I,HLA-B*44:03,2,28,36,9,VEIPEFPFY,VEIPEFPFY,VEIPEFPFY,0.926398,0.03,6.0,
Vaccine16,YTIPWTELM,MHC I,HLA-A*26:01,6,36,44,9,YTIPWTELM,YTIPWTELM,YTIPWTELM,0.80453,0.04,,
Vaccine16,REVRGSALY,MHC I,HLA-B*44:02,6,558,566,9,REVRGSALY,REVRGSALY,REVRGSALY,0.83786,0.04,,
Vaccine16,IFLIGFALF,MHC I,HLA-A*23:01,12,459,467,9,IFLIGFALF,IFLIGFALF,IFLIGFALF,0.837624,0.04,,
Vaccine2,AYQAYAAPQLF,MHC I,HLA-A*23:01,1,85,95,11,AYQAYAAPQLF,AYYAAPQLF,AYQAYAAPQLF,0.932468,0.01,,
Vaccine2,LPQGQLTAY,MHC I,HLA-B*35:01,2,56,64,9,LPQGQLTAY,LPQGQLTAY,LPQGQLTAY,0.990098,0.01,,
Vaccine2,TMFEVSVAF,MHC I,HLA-B*15:01,6,290,298,9,TMFEVSVAF,TMFEVSVAF,TMFEVSVAF,0.948171,0.01,,
Vaccine2,FLDKGTYTL,MHC I,HLA-A*02:01,2,276,284,9,FLDKGTYTL,FLDKGTYTL,FLDKGTYTL,0.996447,0.01,4.0,
Vaccine2,RVLSVVVLL,MHC I,HLA-A*32:01,2,5,13,9,RVLSVVVLL,RVLSVVVLL,RVLSVVVLL,0.811834,0.02,4.0,
Vaccine2,RPQKRPSCI,MHC I,HLA-B*07:02,3,72,80,9,RPQKRPSCI,RPQKRPSCI,RPQKRPSCI,0.907598,0.04,,
Vaccine2,REVRGSALY,MHC I,HLA-B*44:02,6,558,566,9,REVRGSALY,REVRGSALY,REVRGSALY,0.83786,0.04,,
Vaccine2,QPAPENAYQAY,MHC I,HLA-B*35:01,1,79,89,11,QPAPENAYQAY,QPAPENQAY,QPAPENAYQAY,0.910637,0.04,,
Vaccine2,ACMLSAPLEK,MHC I,HLA-A*03:01,6,119,128,10,ACMLSAPLEK,AMLSAPLEK,ACMLSAPLEK,0.838157,0.05,,
Vaccine2,SLEREDRDAW,MHC I,HLA-B*44:02,6,518,527,10,SLEREDRDAW,SEREDRDAW,SLEREDRDAW,0.796249,0.05,,
Vaccine3,AYQAYAAPQLF,MHC I,HLA-A*23:01,1,85,95,11,AYQAYAAPQLF,AYYAAPQLF,AYQAYAAPQLF,0.932468,0.01,,
Vaccine3,NPATVQIQF,MHC I,HLA-B*35:01,2,455,463,9,NPATVQIQF,NPATVQIQF,NPATVQIQF,0.979389,0.01,4.0,
Vaccine3,LPQGQLTAY,MHC I,HLA-B*35:01,2,56,64,9,LPQGQLTAY,LPQGQLTAY,LPQGQLTAY,0.990098,0.01,,
Vaccine3,TMFEVSVAF,MHC I,HLA-B*15:01,6,290,298,9,TMFEVSVAF,TMFEVSVAF,TMFEVSVAF,0.948171,0.01,,
Vaccine3,FLDKGTYTL,MHC I,HLA-A*02:01,2,276,284,9,FLDKGTYTL,FLDKGTYTL,FLDKGTYTL,0.996447,0.01,4.0,
Vaccine3,HTKAVYQPR,MHC I,HLA-A*31:01,7,71,79,9,HTKAVYQPR,HTKAVYQPR,HTKAVYQPR,0.934284,0.01,,
Vaccine3,RVLSVVVLL,MHC I,HLA-A*32:01,2,5,13,9,RVLSVVVLL,RVLSVVVLL,RVLSVVVLL,0.811834,0.02,4.0,
Vaccine3,HVYNDYHHF,MHC I,HLA-A*32:01,5,603,611,9,HVYNDYHHF,HVYNDYHHF,HVYNDYHHF,0.732696,0.03,,
Vaccine3,RYKNRVASR,MHC I,HLA-A*31:01,2,179,187,9,RYKNRVASR,RYKNRVASR,RYKNRVASR,0.895181,0.03,,
Vaccine3,RPQKRPSCI,MHC I,HLA-B*07:02,3,72,80,9,RPQKRPSCI,RPQKRPSCI,RPQKRPSCI,0.907598,0.04,,
Vaccine3,QPAPENAYQAY,MHC I,HLA-B*35:01,1,79,89,11,QPAPENAYQAY,QPAPENQAY,QPAPENAYQAY,0.910637,0.04,,
Vaccine3,ACMLSAPLEK,MHC I,HLA-A*03:01,6,119,128,10,ACMLSAPLEK,AMLSAPLEK,ACMLSAPLEK,0.838157,0.05,,
Vaccine3,AVYQPRGAF,MHC I,HLA-B*15:01,7,74,82,9,AVYQPRGAF,AVYQPRGAF,AVYQPRGAF,0.844791,0.05,,
Vaccine4,LPQGQLTAY,MHC I,HLA-B*35:01,2,56,64,9,LPQGQLTAY,LPQGQLTAY,LPQGQLTAY,0.990098,0.01,,
Vaccine4,TMFEVSVAF,MHC I,HLA-B*15:01,6,290,298,9,TMFEVSVAF,TMFEVSVAF,TMFEVSVAF,0.948171,0.01,,
Vaccine4,FLDKGTYTL,MHC I,HLA-A*02:01,2,276,284,9,FLDKGTYTL,FLDKGTYTL,FLDKGTYTL,0.996447,0.01,4.0,
Vaccine4,RVLSVVVLL,MHC I,HLA-A*32:01,2,5,13,9,RVLSVVVLL,RVLSVVVLL,RVLSVVVLL,0.811834,0.02,4.0,
Vaccine4,RPQKRPSCI,MHC I,HLA-B*07:02,3,72,80,9,RPQKRPSCI,RPQKRPSCI,RPQKRPSCI,0.907598,0.04,,
Vaccine4,REVRGSALY,MHC I,HLA-B*44:02,6,558,566,9,REVRGSALY,REVRGSALY,REVRGSALY,0.83786,0.04,,
Vaccine4,ACMLSAPLEK,MHC I,HLA-A*03:01,6,119,128,10,ACMLSAPLEK,AMLSAPLEK,ACMLSAPLEK,0.838157,0.05,,
Vaccine5,AYQAYAAPQLF,MHC I,HLA-A*23:01,1,85,95,11,AYQAYAAPQLF,AYYAAPQLF,AYQAYAAPQLF,0.932468,0.01,,
Vaccine5,LPQGQLTAY,MHC I,HLA-B*35:01,2,56,64,9,LPQGQLTAY,LPQGQLTAY,LPQGQLTAY,0.990098,0.01,,
Vaccine5,TMFEVSVAF,MHC I,HLA-B*15:01,6,290,298,9,TMFEVSVAF,TMFEVSVAF,TMFEVSVAF,0.948171,0.01,,
Vaccine5,FLDKGTYTL,MHC I,HLA-A*02:01,2,276,284,9,FLDKGTYTL,FLDKGTYTL,FLDKGTYTL,0.996447,0.01,4.0,
Vaccine5,RVLSVVVLL,MHC I,HLA-A*32:01,2,5,13,9,RVLSVVVLL,RVLSVVVLL,RVLSVVVLL,0.811834,0.02,4.0,
Vaccine5,RPQKRPSCI,MHC I,HLA-B*07:02,3,72,80,9,RPQKRPSCI,RPQKRPSCI,RPQKRPSCI,0.907598,0.04,,
Vaccine5,QPAPENAYQAY,MHC I,HLA-B*35:01,1,79,89,11,QPAPENAYQAY,QPAPENQAY,QPAPENAYQAY,0.910637,0.04,,
Vaccine5,ACMLSAPLEK,MHC I,HLA-A*03:01,6,119,128,10,ACMLSAPLEK,AMLSAPLEK,ACMLSAPLEK,0.838157,0.05,,
Vaccine6,AYQAYAAPQLF,MHC I,HLA-A*23:01,1,85,95,11,AYQAYAAPQLF,AYYAAPQLF,AYQAYAAPQLF,0.932468,0.01,,
Vaccine6,LPQGQLTAY,MHC I,HLA-B*35:01,2,56,64,9,LPQGQLTAY,LPQGQLTAY,LPQGQLTAY,0.990098,0.01,,
Vaccine6,TMFEVSVAF,MHC I,HLA-B*15:01,6,290,298,9,TMFEVSVAF,TMFEVSVAF,TMFEVSVAF,0.948171,0.01,,
Vaccine6,FLDKGTYTL,MHC I,HLA-A*02:01,2,276,284,9,FLDKGTYTL,FLDKGTYTL,FLDKGTYTL,0.996447,0.01,4.0,
Vaccine6,RVLSVVVLL,MHC I,HLA-A*32:01,2,5,13,9,RVLSVVVLL,RVLSVVVLL,RVLSVVVLL,0.811834,0.02,4.0,
Vaccine6,RPQKRPSCI,MHC I,HLA-B*07:02,3,72,80,9,RPQKRPSCI,RPQKRPSCI,RPQKRPSCI,0.907598,0.04,,
Vaccine6,QPAPENAYQAY,MHC I,HLA-B*35:01,1,79,89,11,QPAPENAYQAY,QPAPENQAY,QPAPENAYQAY,0.910637,0.04,,
Vaccine6,MVFLQTHIF,MHC I,HLA-A*32:01,2,563,571,9,MVFLQTHIF,MVFLQTHIF,MVFLQTHIF,0.626712,0.05,2.0,
Vaccine6,ACMLSAPLEK,MHC I,HLA-A*03:01,6,119,128,10,ACMLSAPLEK,AMLSAPLEK,ACMLSAPLEK,0.838157,0.05,,
Vaccine7,LPQGQLTAY,MHC I,HLA-B*35:01,2,56,64,9,LPQGQLTAY,LPQGQLTAY,LPQGQLTAY,0.990098,0.01,,
Vaccine7,TMFEVSVAF,MHC I,HLA-B*15:01,6,290,298,9,TMFEVSVAF,TMFEVSVAF,TMFEVSVAF,0.948171,0.01,,
Vaccine7,FLDKGTYTL,MHC I,HLA-A*02:01,2,276,284,9,FLDKGTYTL,FLDKGTYTL,FLDKGTYTL,0.996447,0.01,4.0,
Vaccine7,RVLSVVVLL,MHC I,HLA-A*32:01,2,5,13,9,RVLSVVVLL,RVLSVVVLL,RVLSVVVLL,0.811834,0.02,4.0,
Vaccine7,RPQKRPSCI,MHC I,HLA-B*07:02,3,72,80,9,RPQKRPSCI,RPQKRPSCI,RPQKRPSCI,0.907598,0.04,,
Vaccine7,REVRGSALY,MHC I,HLA-B*44:02,6,558,566,9,REVRGSALY,REVRGSALY,REVRGSALY,0.83786,0.04,,
Vaccine7,ACMLSAPLEK,MHC I,HLA-A*03:01,6,119,128,10,ACMLSAPLEK,AMLSAPLEK,ACMLSAPLEK,0.838157,0.05,,
Vaccine8,RQIPKIQNF,MHC I,HLA-A*32:01,6,597,605,9,RQIPKIQNF,RQIPKIQNF,RQIPKIQNF,0.889949,0.01,,
Vaccine8,LPQGQLTAY,MHC I,HLA-B*35:01,2,56,64,9,LPQGQLTAY,LPQGQLTAY,LPQGQLTAY,0.990098,0.01,,
Vaccine8,TMFEVSVAF,MHC I,HLA-B*15:01,6,290,298,9,TMFEVSVAF,TMFEVSVAF,TMFEVSVAF,0.948171,0.01,,
Vaccine8,FLDKGTYTL,MHC I,HLA-A*02:01,2,276,284,9,FLDKGTYTL,FLDKGTYTL,FLDKGTYTL,0.996447,0.01,4.0,
Vaccine8,RVLSVVVLL,MHC I,HLA-A*32:01,2,5,13,9,RVLSVVVLL,RVLSVVVLL,RVLSVVVLL,0.811834,0.02,4.0,
Vaccine8,RPQKRPSCI,MHC I,HLA-B*07:02,3,72,80,9,RPQKRPSCI,RPQKRPSCI,RPQKRPSCI,0.907598,0.04,,
Vaccine8,KIQNFTRTQK,MHC I,HLA-A*03:01,6,601,610,10,KIQNFTRTQK,KIQNFTTQK,KIQNFTRTQK,0.885191,0.04,,
Vaccine8,ACMLSAPLEK,MHC I,HLA-A*03:01,6,119,128,10,ACMLSAPLEK,AMLSAPLEK,ACMLSAPLEK,0.838157,0.05,,
Vaccine9,GTYKRVTEK,MHC I,HLA-A*30:01,6,180,188,9,GTYKRVTEK,GTYKRVTEK,GTYKRVTEK,0.89547,0.01,,
Vaccine9,HYANFHNYF,MHC I,HLA-A*23:01,6,234,242,9,HYANFHNYF,HYANFHNYF,HYANFHNYF,0.955003,0.01,,
Vaccine9,LPQGQLTAY,MHC I,HLA-B*35:01,2,56,64,9,LPQGQLTAY,LPQGQLTAY,LPQGQLTAY,0.990098,0.01,,
Vaccine9,TMFEVSVAF,MHC I,HLA-B*15:01,6,290,298,9,TMFEVSVAF,TMFEVSVAF,TMFEVSVAF,0.948171,0.01,,
Vaccine9,FLDKGTYTL,MHC I,HLA-A*02:01,2,276,284,9,FLDKGTYTL,FLDKGTYTL,FLDKGTYTL,0.996447,0.01,4.0,
Vaccine9,RVLSVVVLL,MHC I,HLA-A*32:01,2,5,13,9,RVLSVVVLL,RVLSVVVLL,RVLSVVVLL,0.811834,0.02,4.0,
Vaccine9,FLMGTYKRV,MHC I,HLA-A*02:03,6,177,185,9,FLMGTYKRV,FLMGTYKRV,FLMGTYKRV,0.907479,0.03,,
Vaccine9,RPQKRPSCI,MHC I,HLA-B*07:02,3,72,80,9,RPQKRPSCI,RPQKRPSCI,RPQKRPSCI,0.907598,0.04,,
Vaccine9,ACMLSAPLEK,MHC I,HLA-A*03:01,6,119,128,10,ACMLSAPLEK,AMLSAPLEK,ACMLSAPLEK,0.838157,0.05,,
Vaccine9,SELEIKRY,MHC I,HLA-B*44:03,2,173,180,8,SELEIKRY,SELEI-KRY,SELEIKRY,0.858139,0.05,,
Vaccine1,PPMVEGAAAEGDDGD,MHC II,HLA-DQA1*03:01/DQB1*03:02,2,611,625,15,PPMVEGAAAEGDDGD,,,0.0642,0.01,,VEGAAAEGD
Vaccine1,SDREVRGSALYEAST,MHC II,HLA-DQA1*01:02/DQB1*06:02,5,556,570,15,SDREVRGSALYEAST,,,0.8806,0.01,,VRGSALYEA
Vaccine10,PPMVEGAAAEGDDGD,MHC II,HLA-DQA1*03:01/DQB1*03:02,2,611,625,15,PPMVEGAAAEGDDGD,,,0.0642,0.01,,VEGAAAEGD
Vaccine10,CPSLDVDSIIPRTPD,MHC II,HLA-DRB1*03:01,1,222,236,15,CPSLDVDSIIPRTPD,,,0.9342,0.18,,LDVDSIIPR
Vaccine10,EKQLFYYIGTMLPNT,MHC II,HLA-DRB1*15:01,5,127,141,15,EKQLFYYIGTMLPNT,,,0.7261,0.84,,LFYYIGTML
Vaccine11,MVFLQTHIFAEVLKD,MHC II,HLA-DPA1*01:03/DPB1*02:01,2,563,577,15,MVFLQTHIFAEVLKD,,,0.7764,0.26,,LQTHIFAEV
Vaccine11,SALIAGGSILQTNFK,MHC II,HLA-DQA1*05:01/DQB1*03:01,11,367,381,15,SALIAGGSILQTNFK,,,0.7676,0.48,,IAGGSILQT
Vaccine11,NEIFLTKKMTEVCQA,MHC II,HLA-DPA1*01:03/DPB1*02:01,4,576,590,15,NEIFLTKKMTEVCQA,,,0.5438,0.97,,FLTKKMTEV
Vaccine12,TSKFLMGTYKRVTEK,MHC II,HLA-DPA1*01:03/DPB1*02:01,5,174,188,15,TSKFLMGTYKRVTEK,,,0.7436,0.35,,FLMGTYKRV
Vaccine13,NSTNITAVVRAQGLD,MHC II,HLA-DQA1*01:02/DQB1*06:02,6,166,180,15,NSTNITAVVRAQGLD,,,0.8355,0.07,,NITAVVRAQ
Vaccine13,DPPFNSILFALLAAA,MHC II,HLA-DPA1*02:01/DPB1*01:01,10,83,97,15,DPPFNSILFALLAAA,,,0.3627,0.09,,FNSILFALL
Vaccine13,NFKSLSSTEFIPNLF,MHC II,HLA-DPA1*02:01/DPB1*01:01,11,379,393,15,NFKSLSSTEFIPNLF,,,0.3078,0.2,,LSSTEFIPN
Vaccine13,ASCFTASVSTVVSAT,MHC II,HLA-DRB1*07:01,10,22,36,15,ASCFTASVSTVVSAT,,,0.7721,0.62,,FTASVSTVV
Vaccine13,TPDILPVVTRNLNAI,MHC II,HLA-DRB1*15:01,7,145,159,15,TPDILPVVTRNLNAI,,,0.7641,0.65,,ILPVVTRNL
Vaccine14,NSTNITAVVRAQGLD,MHC II,HLA-DQA1*01:02/DQB1*06:02,6,166,180,15,NSTNITAVVRAQGLD,,,0.8355,0.07,,NITAVVRAQ
Vaccine14,DPPFNSILFALLAAA,MHC II,HLA-DPA1*02:01/DPB1*01:01,10,83,97,15,DPPFNSILFALLAAA,,,0.3627,0.09,,FNSILFALL
Vaccine14,NFKSLSSTEFIPNLF,MHC II,HLA-DPA1*02:01/DPB1*01:01,11,379,393,15,NFKSLSSTEFIPNLF,,,0.3078,0.2,,LSSTEFIPN
Vaccine14,ASCFTASVSTVVSAT,MHC II,HLA-DRB1*07:01,10,22,36,15,ASCFTASVSTVVSAT,,,0.7721,0.62,,FTASVSTVV
Vaccine14,TPDILPVVTRNLNAI,MHC II,HLA-DRB1*15:01,7,145,159,15,TPDILPVVTRNLNAI,,,0.7641,0.65,,ILPVVTRNL
Vaccine15,PPMVEGAAAEGDDGD,MHC II,HLA-DQA1*03:01/DQB1*03:02,2,611,625,15,PPMVEGAAAEGDDGD,,,0.0642,0.01,,VEGAAAEGD
Vaccine15,SDREVRGSALYEAST,MHC II,HLA-DQA1*01:02/DQB1*06:02,5,556,570,15,SDREVRGSALYEAST,,,0.8806,0.01,,VRGSALYEA
Vaccine15,TSSFVTNTTVGIELP,MHC II,HLA-DRB3*02:02,4,323,337,15,TSSFVTNTTVGIELP,,,0.9503,0.01,,FVTNTTVGI
Vaccine15,DPPFNSILFALLAAA,MHC II,HLA-DPA1*02:01/DPB1*01:01,10,83,97,15,DPPFNSILFALLAAA,,,0.3627,0.09,,FNSILFALL
Vaccine15,CPSLDVDSIIPRTPD,MHC II,HLA-DRB1*03:01,1,222,236,15,CPSLDVDSIIPRTPD,,,0.9342,0.18,,LDVDSIIPR
Vaccine15,NFKSLSSTEFIPNLF,MHC II,HLA-DPA1*02:01/DPB1*01:01,11,379,393,15,NFKSLSSTEFIPNLF,,,0.3078,0.2,,LSSTEFIPN
Vaccine16,PPMVEGAAAEGDDGD,MHC II,HLA-DQA1*03:01/DQB1*03:02,2,611,625,15,PPMVEGAAAEGDDGD,,,0.0642,0.01,,VEGAAAEGD
Vaccine16,SDREVRGSALYEAST,MHC II,HLA-DQA1*01:02/DQB1*06:02,5,556,570,15,SDREVRGSALYEAST,,,0.8806,0.01,,VRGSALYEA
Vaccine16,TSSFVTNTTVGIELP,MHC II,HLA-DRB3*02:02,4,323,337,15,TSSFVTNTTVGIELP,,,0.9503,0.01,,FVTNTTVGI
Vaccine16,DPPFNSILFALLAAA,MHC II,HLA-DPA1*02:01/DPB1*01:01,10,83,97,15,DPPFNSILFALLAAA,,,0.3627,0.09,,FNSILFALL
Vaccine16,CPSLDVDSIIPRTPD,MHC II,HLA-DRB1*03:01,1,222,236,15,CPSLDVDSIIPRTPD,,,0.9342,0.18,,LDVDSIIPR
Vaccine16,NFKSLSSTEFIPNLF,MHC II,HLA-DPA1*02:01/DPB1*01:01,11,379,393,15,NFKSLSSTEFIPNLF,,,0.3078,0.2,,LSSTEFIPN
Vaccine2,PPMVEGAAAEGDDGD,MHC II,HLA-DQA1*03:01/DQB1*03:02,2,611,625,15,PPMVEGAAAEGDDGD,,,0.0642,0.01,,VEGAAAEGD
Vaccine2,SDREVRGSALYEAST,MHC II,HLA-DQA1*01:02/DQB1*06:02,5,556,570,15,SDREVRGSALYEAST,,,0.8806,0.01,,VRGSALYEA
Vaccine2,PAPENAYQAYAAPQL,MHC II,HLA-DQA1*04:01/DQB1*04:02,1,80,94,15,PAPENAYQAYAAPQL,,,0.4262,0.04,,ENAYQAYAA
Vaccine2,AYQAYAAPQLFPVSD,MHC II,HLA-DPA1*02:01/DPB1*01:01,1,85,99,15,AYQAYAAPQLFPVSD,,,0.1385,1.8,,YAAPQLFPV
Vaccine2,PTGSWFSAPQPAPEN,MHC II,HLA-DQA1*01:02/DQB1*06:02,1,70,84,15,PTGSWFSAPQPAPEN,,,0.4548,1.9,,SWFSAPQPA
Vaccine2,APQLFPVSDITQNQQ,MHC II,HLA-DRB1*04:01,1,91,105,15,APQLFPVSDITQNQQ,,,0.6166,1.9,,LFPVSDITQ
Vaccine3,ELEIKRYKNRVASRK,MHC II,HLA-DRB1*15:01,1,174,188,15,ELEIKRYKNRVASRK,,,0.9726,0.01,,IKRYKNRVA
Vaccine3,GTLNNPATVQIQFAY,MHC II,HLA-DQA1*01:02/DQB1*06:02,4,451,465,15,GTLNNPATVQIQFAY,,,0.8616,0.03,,NNPATVQIQ
Vaccine3,NYKIVDYDNRGTNPQ,MHC II,HLA-DRB1*15:01,4,256,270,15,NYKIVDYDNRGTNPQ,,,0.9581,0.03,,IVDYDNRGT
Vaccine3,GNEIHVYNDYHHFKT,MHC II,HLA-DQA1*01:01/DQB1*05:01,4,599,613,15,GNEIHVYNDYHHFKT,,,0.0971,0.04,,IHVYNDYHH
Vaccine3,PAPENAYQAYAAPQL,MHC II,HLA-DQA1*04:01/DQB1*04:02,1,80,94,15,PAPENAYQAYAAPQL,,,0.4262,0.04,,ENAYQAYAA
Vaccine3,AYQAYAAPQLFPVSD,MHC II,HLA-DPA1*02:01/DPB1*01:01,1,85,99,15,AYQAYAAPQLFPVSD,,,0.1385,1.8,,YAAPQLFPV
Vaccine3,PTGSWFSAPQPAPEN,MHC II,HLA-DQA1*01:02/DQB1*06:02,1,70,84,15,PTGSWFSAPQPAPEN,,,0.4548,1.9,,SWFSAPQPA
Vaccine3,APQLFPVSDITQNQQ,MHC II,HLA-DRB1*04:01,1,91,105,15,APQLFPVSDITQNQQ,,,0.6166,1.9,,LFPVSDITQ
Vaccine4,PPMVEGAAAEGDDGD,MHC II,HLA-DQA1*03:01/DQB1*03:02,2,611,625,15,PPMVEGAAAEGDDGD,,,0.0642,0.01,,VEGAAAEGD
Vaccine4,SDREVRGSALYEAST,MHC II,HLA-DQA1*01:02/DQB1*06:02,5,556,570,15,SDREVRGSALYEAST,,,0.8806,0.01,,VRGSALYEA
Vaccine4,EKQLFYYIGTMLPNT,MHC II,HLA-DRB1*15:01,5,127,141,15,EKQLFYYIGTMLPNT,,,0.7261,0.84,,LFYYIGTML
Vaccine5,PAPENAYQAYAAPQL,MHC II,HLA-DQA1*04:01/DQB1*04:02,1,80,94,15,PAPENAYQAYAAPQL,,,0.4262,0.04,,ENAYQAYAA
Vaccine5,VYNDYHHFKTIELDG,MHC II,HLA-DQA1*04:01/DQB1*04:02,4,604,618,15,VYNDYHHFKTIELDG,,,0.4073,0.05,,YHHFKTIEL
Vaccine5,AYQAYAAPQLFPVSD,MHC II,HLA-DPA1*02:01/DPB1*01:01,1,85,99,15,AYQAYAAPQLFPVSD,,,0.1385,1.8,,YAAPQLFPV
Vaccine5,PTGSWFSAPQPAPEN,MHC II,HLA-DQA1*01:02/DQB1*06:02,1,70,84,15,PTGSWFSAPQPAPEN,,,0.4548,1.9,,SWFSAPQPA
Vaccine5,APQLFPVSDITQNQQ,MHC II,HLA-DRB1*04:01,1,91,105,15,APQLFPVSDITQNQQ,,,0.6166,1.9,,LFPVSDITQ
Vaccine6,PAPENAYQAYAAPQL,MHC II,HLA-DQA1*04:01/DQB1*04:02,1,80,94,15,PAPENAYQAYAAPQL,,,0.4262,0.04,,ENAYQAYAA
Vaccine6,GGSILQTNFKSLSST,MHC II,HLA-DPA1*01:03/DPB1*02:01,10,253,267,15,GGSILQTNFKSLSST,,,0.8426,0.15,,ILQTNFKSL
Vaccine6,MVFLQTHIFAEVLKD,MHC II,HLA-DPA1*01:03/DPB1*02:01,2,563,577,15,MVFLQTHIFAEVLKD,,,0.7764,0.26,,LQTHIFAEV
Vaccine6,AYQAYAAPQLFPVSD,MHC II,HLA-DPA1*02:01/DPB1*01:01,1,85,99,15,AYQAYAAPQLFPVSD,,,0.1385,1.8,,YAAPQLFPV
Vaccine6,PTGSWFSAPQPAPEN,MHC II,HLA-DQA1*01:02/DQB1*06:02,1,70,84,15,PTGSWFSAPQPAPEN,,,0.4548,1.9,,SWFSAPQPA
Vaccine6,APQLFPVSDITQNQQ,MHC II,HLA-DRB1*04:01,1,91,105,15,APQLFPVSDITQNQQ,,,0.6166,1.9,,LFPVSDITQ
Vaccine7,PPMVEGAAAEGDDGD,MHC II,HLA-DQA1*03:01/DQB1*03:02,2,611,625,15,PPMVEGAAAEGDDGD,,,0.0642,0.01,,VEGAAAEGD
Vaccine7,SDREVRGSALYEAST,MHC II,HLA-DQA1*01:02/DQB1*06:02,5,556,570,15,SDREVRGSALYEAST,,,0.8806,0.01,,VRGSALYEA
Vaccine8,PPMVEGAAAEGDDGD,MHC II,HLA-DQA1*03:01/DQB1*03:02,2,611,625,15,PPMVEGAAAEGDDGD,,,0.0642,0.01,,VEGAAAEGD
Vaccine8,CSQGAVAGEPRQIPK,MHC II,HLA-DQA1*05:01/DQB1*03:01,5,587,601,15,CSQGAVAGEPRQIPK,,,0.6968,0.74,,AVAGEPRQI
Vaccine9,TSKFLMGTYKRVTEK,MHC II,HLA-DPA1*01:03/DPB1*02:01,5,174,188,15,TSKFLMGTYKRVTEK,,,0.7436,0.35,,FLMGTYKRV
Vaccine9,TTFVHYANFHNYFVP,MHC II,HLA-DPA1*01:03/DPB1*02:01,5,230,244,15,TTFVHYANFHNYFVP,,,0.6088,0.68,,VHYANFHNY
Vaccine9,QPAPVAAPARRTRKP,MHC II,HLA-DQA1*05:01/DQB1*03:01,1,148,162,15,QPAPVAAPARRTRKP,,,0.586,1.5,,PVAAPARRT
