allele,seq_num,start,end,length,peptide,core,icore,score,rank,protein_source
HLA-A*30:01,6,180,188,9,GTYKRVTEK,GTYKRVTEK,GTYKRVTEK,0.89547,0.01,
HLA-B*51:01,1,16,23,8,DPYQVPFV,DPY-QVPFV,DPYQVPFV,0.933071,0.01,
HLA-A*23:01,1,85,95,11,AYQAYAAPQLF,AYYAAPQLF,AYQAYAAPQLF,0.932468,0.01,
HLA-A*30:02,6,338,346,9,ATVKGMQSY,ATVKGMQSY,ATVKGMQSY,0.864779,0.01,
HLA-B*57:01,10,156,164,9,IALYLQQNW,IALYLQQNW,IALYLQQNW,0.989273,0.01,
HLA-A*30:02,8,86,94,9,HTFQVPQNY,HTFQVPQNY,HTFQVPQNY,0.936329,0.01,
HLA-B*57:01,11,324,332,9,MTNTLLSAW,MTNTLLSAW,MTNTLLSAW,0.990361,0.01,
HLA-A*24:02,11,300,308,9,TYGPVFMSL,TYGPVFMSL,TYGPVFMSL,0.977763,0.01,
HLA-B*44:03,11,292,301,10,TEWGSGNRTY,TEWSGNRTY,TEWGSGNRTY,0.974501,0.01,
HLA-B*58:01,8,36,44,9,RVAAAAITW,RVAAAAITW,RVAAAAITW,0.978999,0.01,
HLA-A*24:02,8,80,88,9,HWTPTLHTF,HWTPTLHTF,HWTPTLHTF,0.976603,0.01,
HLA-A*02:01,8,176,184,9,SLDGGTFKV,SLDGGTFKV,SLDGGTFKV,0.97619,0.01,
HLA-B*53:01,8,45,53,9,VPKPNVEVW,VPKPNVEVW,VPKPNVEVW,0.972539,0.01,
HLA-B*15:01,8,185,194,10,YQIFGSHCTY,YQIFGSHTY,YQIFGSHCTY,0.946206,0.01,
HLA-A*02:03,6,391,399,9,GLIGGATSV,GLIGGATSV,GLIGGATSV,0.964799,0.01,
HLA-B*15:01,6,563,572,10,SALYEASTTY,SLYEASTTY,SALYEASTTY,0.963935,0.01,
HLA-B*40:01,6,674,682,9,YEERAHVVL,YEERAHVVL,YEERAHVVL,0.980668,0.01,
HLA-A*23:01,6,234,242,9,HYANFHNYF,HYANFHNYF,HYANFHNYF,0.955003,0.01,
HLA-A*32:01,6,597,605,9,RQIPKIQNF,RQIPKIQNF,RQIPKIQNF,0.889949,0.01,
HLA-B*40:01,12,200,208,9,IEDPPFNSL,IEDPPFNSL,IEDPPFNSL,0.982397,0.01,
HLA-A*03:01,2,578,586,9,AIKDLVMTK,AIKDLVMTK,AIKDLVMTK,0.958049,0.01,2.0
HLA-A*30:02,2,760,768,9,SQQPVQMLY,SQQPVQMLY,SQQPVQMLY,0.971451,0.01,4.0
HLA-B*57:01,2,291,300,10,RTAYCPLQHW,RTAYPLQHW,RTAYCPLQHW,0.990141,0.01,4.0
HLA-B*15:01,6,639,648,10,VQNSILSSNY,VQNSILSSY,VQNSILSSNY,0.936842,0.01,
HLA-B*35:01,2,455,463,9,NPATVQIQF,NPATVQIQF,NPATVQIQF,0.979389,0.01,4.0
HLA-A*01:01,2,130,139,10,YETDQMDTIY,YTDQMDTIY,YETDQMDTIY,0.977754,0.01,4.0
HLA-B*40:01,2,614,622,9,IELDGIATL,IELDGIATL,IELDGIATL,0.990483,0.01,4.0
HLA-B*58:01,2,66,74,9,VSTAPTGSW,VSTAPTGSW,VSTAPTGSW,0.974726,0.01,
HLA-B*35:01,2,56,64,9,LPQGQLTAY,LPQGQLTAY,LPQGQLTAY,0.990098,0.01,
HLA-B*35:01,6,138,146,9,LPNTRPHSY,LPNTRPHSY,LPNTRPHSY,0.984347,0.01,
HLA-A*26:01,6,666,674,9,TVMEIAGLY,TVMEIAGLY,TVMEIAGLY,0.949046,0.01,
HLA-B*15:01,6,290,298,9,TMFEVSVAF,TMFEVSVAF,TMFEVSVAF,0.948171,0.01,
HLA-A*68:01,2,33,41,9,TTVQPTATR,TTVQPTATR,TTVQPTATR,0.991633,0.01,4.0
HLA-A*02:03,2,579,587,9,FLTKKMTEV,FLTKKMTEV,FLTKKMTEV,0.984382,0.01,4.0
HLA-A*02:01,2,276,284,9,FLDKGTYTL,FLDKGTYTL,FLDKGTYTL,0.996447,0.01,4.0
HLA-A*02:01,2,125,133,9,YLLEMLWRL,YLLEMLWRL,YLLEMLWRL,0.98267,0.01,8.0
HLA-A*11:01,2,504,512,9,TVMSSIYGK,TVMSSIYGK,TVMSSIYGK,0.962982,0.01,4.0
HLA-A*26:01,5,586,594,9,EVCQATSQY,EVCQATSQY,EVCQATSQY,0.945904,0.01,
HLA-B*57:01,2,824,832,9,TSSKLRPRW,TSSKLRPRW,TSSKLRPRW,0.990689,0.01,6.0
HLA-B*40:01,2,144,152,9,AEMQNPVYL,AEMQNPVYL,AEMQNPVYL,0.991436,0.01,6.0
HLA-B*44:03,2,358,366,9,TETDFKCKW,TETDFKCKW,TETDFKCKW,0.986864,0.01,6.0
HLA-B*07:02,2,267,275,9,TPRPVSRFL,TPRPVSRFL,TPRPVSRFL,0.990388,0.01,6.0
HLA-B*07:02,2,853,861,9,QPRFSNLSM,QPRFSNLSM,QPRFSNLSM,0.98926,0.01,6.0
HLA-A*02:01,5,766,774,9,MLYPGIDEL,MLYPGIDEL,MLYPGIDEL,0.975784,0.01,
HLA-A*68:01,5,653,662,10,NVFDLEGIFR,NVFDLGIFR,NVFDLEGIFR,0.974065,0.01,
HLA-B*35:01,2,253,262,10,TPIPGTGYAY,TPIPGTYAY,TPIPGTGYAY,0.98764,0.01,6.0
HLA-B*07:02,2,811,820,10,RPRYNATTYL,RPRNATTYL,RPRYNATTYL,0.98906,0.01,6.0
HLA-A*11:01,2,415,423,9,TTHKVIFSK,TTHKVIFSK,TTHKVIFSK,0.952712,0.01,
HLA-B*35:01,7,343,351,9,SPNVTVTAF,SPNVTVTAF,SPNVTVTAF,0.985515,0.01,
HLA-B*15:01,2,151,159,9,YLIPETVPY,YLIPETVPY,YLIPETVPY,0.947044,0.01,6.0
HLA-A*11:01,7,817,827,11,TTYLPPSTSSK,TTYPSTSSK,TTYLPPSTSSK,0.9348,0.01,
HLA-A*31:01,7,71,79,9,HTKAVYQPR,HTKAVYQPR,HTKAVYQPR,0.934284,0.01,
HLA-A*30:02,2,192,200,9,KFKQLLQHY,KFKQLLQHY,KFKQLLQHY,0.853496,0.01,1.0
HLA-B*35:01,3,407,415,9,HPVGEADYF,HPVGEADYF,HPVGEADYF,0.964565,0.02,
HLA-B*07:02,3,397,405,9,RPPPGRRPF,RPPPGRRPF,RPPPGRRPF,0.966589,0.02,
HLA-B*51:01,3,606,614,9,LPPWFPPMV,LPPWFPPMV,LPPWFPPMV,0.916408,0.02,
HLA-A*68:01,8,160,168,9,ESLWVGVYR,ESLWVGVYR,ESLWVGVYR,0.96839,0.02,
HLA-A*68:02,11,25,33,9,FTASVSTVV,FTASVSTVV,FTASVSTVV,0.903157,0.02,
HLA-A*26:01,6,256,264,9,MTAASYARY,MTAASYARY,MTAASYARY,0.881551,0.02,
HLA-B*40:01,6,460,468,9,GEVLRGLAL,GEVLRGLAL,GEVLRGLAL,0.958821,0.02,
HLA-B*40:01,6,57,65,9,REANVTEDL,REANVTEDL,REANVTEDL,0.965836,0.02,
HLA-B*15:01,12,163,171,9,LLAAVASSY,LLAAVASSY,LLAAVASSY,0.905646,0.02,
HLA-A*30:01,7,739,749,11,STKPGEVNVTK,STKPGNVTK,STKPGEVNVTK,0.804114,0.02,
HLA-B*51:01,7,340,348,9,DANSPNVTV,DANSPNVTV,DANSPNVTV,0.876408,0.02,
HLA-B*51:01,7,33,41,9,FPFYPTCNV,FPFYPTCNV,FPFYPTCNV,0.87646,0.02,
HLA-A*30:01,7,107,115,9,RSKKLPINV,RSKKLPINV,RSKKLPINV,0.816839,0.02,
HLA-A*68:02,7,834,842,9,FTSPPVTTA,FTSPPVTTA,FTSPPVTTA,0.92638,0.02,
HLA-A*11:01,12,169,177,9,SSYAAAQRK,SSYAAAQRK,SSYAAAQRK,0.917178,0.02,
HLA-A*68:02,2,840,848,9,TTAQATVPV,TTAQATVPV,TTAQATVPV,0.932764,0.02,
HLA-B*51:01,2,27,35,9,QPAPPATTV,QPAPPATTV,QPAPPATTV,0.916905,0.02,4.0
HLA-A*68:02,2,419,427,9,ETLFIGSHV,ETLFIGSHV,ETLFIGSHV,0.915228,0.02,5.0
HLA-B*07:02,2,817,825,9,GPSVASRAL,GPSVASRAL,GPSVASRAL,0.973452,0.02,
HLA-B*58:01,2,374,382,9,TSGGLLLAW,TSGGLLLAW,TSGGLLLAW,0.966526,0.02,
HLA-A*24:02,2,98,106,9,SYTKIVTNI,SYTKIVTNI,SYTKIVTNI,0.938198,0.02,
HLA-A*24:02,2,551,559,9,CYSRPLVSF,CYSRPLVSF,CYSRPLVSF,0.937615,0.02,
HLA-A*03:01,2,508,517,10,SIYGKAVAAK,SIYGKAVAK,SIYGKAVAAK,0.922608,0.02,
HLA-B*44:02,2,209,217,9,SENDRLRLL,SENDRLRLL,SENDRLRLL,0.925991,0.02,1.0
HLA-A*11:01,2,346,354,9,QVNKTMHEK,QVNKTMHEK,QVNKTMHEK,0.890934,0.02,4.0
HLA-B*35:01,7,896,906,11,TTPPYDDAETY,TPYDDAETY,TTPPYDDAETY,0.952436,0.02,
HLA-A*11:01,7,409,418,10,ATNATTTTHK,ATNATTTTK,ATNATTTTHK,0.895154,0.02,
HLA-B*35:01,7,315,324,10,MPTNTTDITY,MPNTTDITY,MPTNTTDITY,0.968236,0.02,
HLA-B*07:02,7,545,553,9,TPNATSPTL,TPNATSPTL,TPNATSPTL,0.9742,0.02,
HLA-B*07:02,7,761,769,9,APSGQKTAV,APSGQKTAV,APSGQKTAV,0.963626,0.02,
HLA-A*68:02,2,310,318,9,ETGKSIHFV,ETGKSIHFV,ETGKSIHFV,0.909382,0.02,4.0
HLA-B*15:01,2,720,728,9,SLVSGFISF,SLVSGFISF,SLVSGFISF,0.904433,0.02,4.0
HLA-A*32:01,2,5,13,9,RVLSVVVLL,RVLSVVVLL,RVLSVVVLL,0.811834,0.02,4.0
HLA-B*44:02,2,470,478,9,GEGGSSQKF,GEGGSSQKF,GEGGSSQKF,0.907648,0.02,3.0
HLA-A*11:01,2,573,582,10,GTDNEIFLTK,GTNEIFLTK,GTDNEIFLTK,0.908671,0.02,4.0
HLA-B*15:01,2,375,383,9,ALRLATVGY,ALRLATVGY,ALRLATVGY,0.906757,0.02,5.0
HLA-A*11:01,2,305,313,9,STIATETGK,STIATETGK,STIATETGK,0.889623,0.02,4.0
HLA-A*30:02,2,438,446,9,TQGPNLALY,TQGPNLALY,TQGPNLALY,0.818006,0.02,5.0
HLA-B*51:01,2,545,553,9,IPLINVTFI,IPLINVTFI,IPLINVTFI,0.870919,0.02,5.0
HLA-A*31:01,2,200,208,9,KTKDLPDLR,KTKDLPDLR,KTKDLPDLR,0.924262,0.02,
HLA-A*68:01,2,669,677,9,EIAGLYEER,EIAGLYEER,EIAGLYEER,0.967326,0.02,5.0
HLA-A*03:01,2,578,586,9,FLSPVIMNK,FLSPVIMNK,FLSPVIMNK,0.937007,0.02,
HLA-A*68:02,2,293,301,9,EVSVAFFKV,EVSVAFFKV,EVSVAFFKV,0.932417,0.02,
HLA-A*68:02,2,286,294,9,ETLTTMFEV,ETLTTMFEV,ETLTTMFEV,0.917786,0.02,5.0
HLA-A*30:02,6,396,404,9,ATSVLLSAY,ATSVLLSAY,ATSVLLSAY,0.763615,0.03,
HLA-A*30:02,6,161,169,9,SINGDKFQY,SINGDKFQY,SINGDKFQY,0.791794,0.03,
HLA-A*02:01,6,85,95,11,ALAEPVDIPAV,ALAEDIPAV,ALAEPVDIPAV,0.92261,0.03,
HLA-A*02:03,6,444,452,9,ALYQLLSTA,ALYQLLSTA,ALYQLLSTA,0.908914,0.03,
HLA-A*02:03,6,177,185,9,FLMGTYKRV,FLMGTYKRV,FLMGTYKRV,0.907479,0.03,
HLA-B*08:01,2,248,256,9,DMFSRAVTM,DMFSRAVTM,DMFSRAVTM,0.849219,0.03,5.0
HLA-B*51:01,2,125,133,9,LPVIVAPYL,LPVIVAPYL,LPVIVAPYL,0.846777,0.03,11.0
HLA-B*44:02,2,122,130,9,EEKFSVDSY,EEKFSVDSY,EEKFSVDSY,0.879353,0.03,
HLA-A*02:01,8,77,85,9,KLPHWTPTL,KLPHWTPTL,KLPHWTPTL,0.922262,0.03,
HLA-A*68:01,6,508,516,9,NAVDGFLGR,NAVDGFLGR,NAVDGFLGR,0.948382,0.03,
HLA-A*02:01,6,19,27,9,SLSEVKLHL,SLSEVKLHL,SLSEVKLHL,0.937796,0.03,
HLA-A*32:01,5,603,611,9,HVYNDYHHF,HVYNDYHHF,HVYNDYHHF,0.732696,0.03,
HLA-A*33:01,5,466,474,9,DSLRRQINR,DSLRRQINR,DSLRRQINR,0.780592,0.03,
HLA-A*30:02,5,180,188,9,RYASQTELY,RYASQTELY,RYASQTELY,0.760373,0.03,
HLA-A*68:02,5,741,749,9,LVAGVVILV,LVAGVVILV,LVAGVVILV,0.8739,0.03,
HLA-A*30:02,5,254,262,9,RTNYKIVDY,RTNYKIVDY,RTNYKIVDY,0.7715,0.03,
HLA-A*26:01,5,228,236,9,QTVEMSPFY,QTVEMSPFY,QTVEMSPFY,0.854839,0.03,
HLA-A*02:03,5,350,358,9,TMHEKYEAV,TMHEKYEAV,TMHEKYEAV,0.877324,0.03,
HLA-A*01:01,5,147,156,10,MTKDGLTRVY,MTDGLTRVY,MTKDGLTRVY,0.921917,0.03,
HLA-A*02:06,5,88,96,9,NIIPYSFKV,NIIPYSFKV,NIIPYSFKV,0.918245,0.03,
HLA-A*01:01,5,134,142,9,QMDTIYQCY,QMDTIYQCY,QMDTIYQCY,0.917723,0.03,
HLA-A*31:01,5,41,49,9,RQQTSFPFR,RQQTSFPFR,RQQTSFPFR,0.897265,0.03,
HLA-B*15:01,2,23,33,11,VQAFDQATRVY,VQAQATRVY,VQAFDQATRVY,0.8669,0.03,1.0
HLA-B*40:01,8,69,78,10,QEYGDKEVKL,QEYGDKEVL,QEYGDKEVKL,0.952693,0.03,
HLA-B*07:02,5,445,453,9,APGKSLGTL,APGKSLGTL,APGKSLGTL,0.950993,0.03,
HLA-B*44:03,5,185,193,9,TELYDAPGW,TELYDAPGW,TELYDAPGW,0.934319,0.03,
HLA-B*07:02,7,668,676,9,RPSSNPETL,RPSSNPETL,RPSSNPETL,0.962873,0.03,
HLA-B*57:01,7,346,354,9,VTVTAFWAW,VTVTAFWAW,VTVTAFWAW,0.977265,0.03,
HLA-B*07:02,7,642,650,9,QPKNATSAV,QPKNATSAV,QPKNATSAV,0.947463,0.03,
HLA-B*53:01,7,486,495,10,SPVTPSPSPW,SPVTPSPSW,SPVTPSPSPW,0.860691,0.03,
HLA-B*08:01,2,518,526,9,YNLRRGTAL,YNLRRGTAL,YNLRRGTAL,0.822952,0.03,2.0
HLA-A*31:01,2,179,187,9,RYKNRVASR,RYKNRVASR,RYKNRVASR,0.895181,0.03,
HLA-A*11:01,2,756,766,11,ATSPQAPSGQK,ATSPPSGQK,ATSPQAPSGQK,0.884644,0.03,
HLA-B*44:03,2,28,36,9,VEIPEFPFY,VEIPEFPFY,VEIPEFPFY,0.926398,0.03,6.0
HLA-A*30:02,7,887,895,9,RNLSTSHTY,RNLSTSHTY,RNLSTSHTY,0.773453,0.03,
HLA-A*03:01,2,259,268,10,ASYARYVLQK,ASYARVLQK,ASYARYVLQK,0.893836,0.03,5.0
HLA-B*08:01,6,42,50,9,ELMAKVPGL,ELMAKVPGL,ELMAKVPGL,0.787283,0.04,
HLA-B*08:01,6,264,271,8,YVLQKLVL,YVLQKL-VL,YVLQKLVL,0.770327,0.04,
HLA-A*26:01,3,508,518,11,FVYGGSKTSLY,FVYGGTSLY,FVYGGSKTSLY,0.786496,0.04,
HLA-B*07:02,3,72,80,9,RPQKRPSCI,RPQKRPSCI,RPQKRPSCI,0.907598,0.04,
HLA-A*01:01,2,318,326,9,VTDEGTSSF,VTDEGTSSF,VTDEGTSSF,0.883012,0.04,4.0
HLA-B*53:01,6,47,56,10,VPGLSPEALW,VPLSPEALW,VPGLSPEALW,0.777437,0.04,
HLA-A*26:01,6,36,44,9,YTIPWTELM,YTIPWTELM,YTIPWTELM,0.80453,0.04,
HLA-A*02:03,2,307,315,9,SLGGLLTMV,SLGGLLTMV,SLGGLLTMV,0.864012,0.04,
HLA-A*24:02,2,594,602,9,YYFQSGNEI,YYFQSGNEI,YYFQSGNEI,0.880962,0.04,
HLA-B*51:01,2,61,69,9,TPVTVLTAV,TPVTVLTAV,TPVTVLTAV,0.814796,0.04,
HLA-A*11:01,6,192,200,9,HVLSLIFGK,HVLSLIFGK,HVLSLIFGK,0.861164,0.04,
HLA-B*44:02,6,558,566,9,REVRGSALY,REVRGSALY,REVRGSALY,0.83786,0.04,
HLA-B*58:01,12,431,439,9,LTMVAGAVW,LTMVAGAVW,LTMVAGAVW,0.950235,0.04,
HLA-A*23:01,12,459,467,9,IFLIGFALF,IFLIGFALF,IFLIGFALF,0.837624,0.04,
HLA-B*07:02,7,460,468,9,APASTGPTV,APASTGPTV,APASTGPTV,0.913514,0.04,
HLA-B*07:02,7,721,730,10,APRPGTTSQA,APRPGTTSA,APRPGTTSQA,0.934845,0.04,
HLA-B*40:01,7,85,93,9,SENATNLFL,SENATNLFL,SENATNLFL,0.940272,0.04,
HLA-B*35:01,1,79,89,11,QPAPENAYQAY,QPAPENQAY,QPAPENAYQAY,0.910637,0.04,
HLA-B*57:01,2,90,98,9,ITLLLIALW,ITLLLIALW,ITLLLIALW,0.973439,0.04,
HLA-A*03:01,6,601,610,10,KIQNFTRTQK,KIQNFTTQK,KIQNFTRTQK,0.885191,0.04,
HLA-A*02:06,6,94,102,9,AVSEGSMQV,AVSEGSMQV,AVSEGSMQV,0.892118,0.04,
HLA-A*01:01,5,635,644,10,NIDFASLELY,NIDFASLLY,NIDFASLELY,0.885923,0.04,
HLA-A*26:01,8,103,111,9,NTREYTFSY,NTREYTFSY,NTREYTFSY,0.827415,0.04,
HLA-B*51:01,2,731,738,8,NPFGGMLI,NPF-GGMLI,NPFGGMLI,0.787326,0.04,
HLA-B*08:01,5,787,794,8,NPISKTEL,NPISKT-EL,NPISKTEL,0.794302,0.04,
HLA-A*24:02,5,235,244,10,FYDGKNKETF,FYDKNKETF,FYDGKNKETF,0.846093,0.04,
HLA-B*51:01,5,501,509,9,NPTTVMSSI,NPTTVMSSI,NPTTVMSSI,0.797107,0.04,
HLA-A*68:02,5,521,529,9,DVISVSQCV,DVISVSQCV,DVISVSQCV,0.850434,0.04,
HLA-A*26:01,5,249,257,9,DSFHVRTNY,DSFHVRTNY,DSFHVRTNY,0.822973,0.04,
HLA-A*24:02,6,571,579,9,TYLSSSLFL,TYLSSSLFL,TYLSSSLFL,0.855906,0.04,
HLA-B*51:01,8,53,61,9,WPVDPPPPV,WPVDPPPPV,WPVDPPPPV,0.78687,0.04,
HLA-B*51:01,8,23,31,9,LAYFLPPRV,LAYFLPPRV,LAYFLPPRV,0.814176,0.04,
HLA-B*07:02,2,7,17,11,RGPPGPPRPPL,RPGPPRPPL,RGPPGPPRPPL,0.928567,0.04,9.0
HLA-B*07:02,2,14,21,8,RPPRGPPL,RP-PRGPPL,RPPRGPPL,0.920705,0.04,
HLA-A*01:01,2,26,36,11,HLDIEGHASHY,HLDIEGHHY,HLDIEGHASHY,0.878679,0.04,5.0
HLA-A*26:01,2,2,10,9,EAALLVCQY,EAALLVCQY,EAALLVCQY,0.744921,0.05,
HLA-A*02:06,7,10,18,9,YTIQSLIHL,YTIQSLIHL,YTIQSLIHL,0.867436,0.05,
HLA-A*68:02,7,42,50,9,CTADVNVTI,CTADVNVTI,CTADVNVTI,0.783083,0.05,
HLA-B*53:01,7,846,856,11,VPVPPTSQPRF,VPVPPTSQF,VPVPPTSQPRF,0.749474,0.05,
HLA-A*68:02,2,662,670,9,TTNGTVMEI,TTNGTVMEI,TTNGTVMEI,0.796278,0.05,5.0
HLA-B*51:01,2,145,152,8,TPDILPVV,TP-DILPVV,TPDILPVV,0.776849,0.05,7.0
HLA-B*35:01,2,124,132,9,APLEKQLFY,APLEKQLFY,APLEKQLFY,0.868251,0.05,5.0
HLA-B*51:01,2,407,416,10,HPLFQPLHTV,HPFQPLHTV,HPLFQPLHTV,0.776293,0.05,5.0
HLA-B*51:01,2,266,274,9,SPLLGAVTV,SPLLGAVTV,SPLLGAVTV,0.781127,0.05,11.0
HLA-B*53:01,2,295,303,9,CPLQHWQTF,CPLQHWQTF,CPLQHWQTF,0.750215,0.05,4.0
HLA-B*51:01,2,103,111,9,DASKVHPGV,DASKVHPGV,DASKVHPGV,0.778222,0.05,5.0
HLA-A*32:01,2,563,571,9,MVFLQTHIF,MVFLQTHIF,MVFLQTHIF,0.626712,0.05,2.0
HLA-A*03:01,6,119,128,10,ACMLSAPLEK,AMLSAPLEK,ACMLSAPLEK,0.838157,0.05,
HLA-A*26:01,6,64,72,9,DLASMLNRY,DLASMLNRY,DLASMLNRY,0.742503,0.05,
HLA-B*15:01,7,74,82,9,AVYQPRGAF,AVYQPRGAF,AVYQPRGAF,0.844791,0.05,
HLA-B*15:01,7,66,76,11,GQLTPHTKAVY,GQLTPHTVY,GQLTPHTKAVY,0.82167,0.05,
HLA-B*51:01,9,356,364,9,DPHLPTLLL,DPHLPTLLL,DPHLPTLLL,0.757912,0.05,
HLA-A*68:02,7,247,255,9,STSPVATPI,STSPVATPI,STSPVATPI,0.816665,0.05,
HLA-B*07:02,2,409,417,9,SPSPPAPSA,SPSPPAPSA,SPSPPAPSA,0.886449,0.05,4.0
HLA-A*32:01,7,387,396,10,RTFDITVSGL,RTFDITVSL,RTFDITVSGL,0.620899,0.05,
HLA-A*68:02,2,631,639,9,TTYITSQEV,TTYITSQEV,TTYITSQEV,0.815869,0.05,5.0
HLA-B*44:03,12,485,493,9,SEERPPTPY,SEERPPTPY,SEERPPTPY,0.870494,0.05,
HLA-B*44:02,6,518,527,10,SLEREDRDAW,SEREDRDAW,SLEREDRDAW,0.796249,0.05,
HLA-B*07:02,5,441,450,10,VPPTAPGKSL,VPTAPGKSL,VPPTAPGKSL,0.893477,0.05,
HLA-B*08:01,2,346,354,9,YGLERLAAM,YGLERLAAM,YGLERLAAM,0.762249,0.05,
HLA-A*33:01,2,642,650,9,ELYSRDEQR,ELYSRDEQR,ELYSRDEQR,0.740236,0.05,4.0
HLA-A*32:01,2,474,483,10,RMLGDLARAW,RMLDLARAW,RMLGDLARAW,0.653588,0.05,4.0
HLA-A*31:01,6,144,152,9,HSYVFYQLR,HSYVFYQLR,HSYVFYQLR,0.845312,0.05,
HLA-B*44:03,2,173,180,8,SELEIKRY,SELEI-KRY,SELEIKRY,0.858139,0.05,
HLA-A*31:01,2,821,829,9,ASRALQAAR,ASRALQAAR,ASRALQAAR,0.829969,0.05,4.0
HLA-B*35:01,2,204,213,10,LPDLRGPFSY,LPDLGPFSY,LPDLRGPFSY,0.880506,0.05,5.0
HLA-A*30:01,2,199,207,9,RTRTTVNCL,RTRTTVNCL,RTRTTVNCL,0.691969,0.05,
