Vaccine,Linker,Position
Vaccine1,EAAAK,17
Vaccine1,EAAAK,168
Vaccine1,EAAAK,260
Vaccine1,GPGPG,182
Vaccine1,GPGPG,196
Vaccine1,GPGPG,211
Vaccine1,GPGPG,225
Vaccine1,GPGPG,239
Vaccine1,GPGPG,280
Vaccine10,EAAAK,20
Vaccine10,EAAAK,171
Vaccine10,EAAAK,267
Vaccine10,GPGPG,185
Vaccine10,GPGPG,199
Vaccine10,GPGPG,214
Vaccine10,GPGPG,228
Vaccine10,GPGPG,242
Vaccine10,GPGPG,287
Vaccine11,EAAAK,165
Vaccine11,EAAAK,233
Vaccine11,GPGPG,179
Vaccine11,GPGPG,193
Vaccine11,GPGPG,213
Vaccine12,EAAAK,146
Vaccine12,EAAAK,208
Vaccine12,GPGPG,160
Vaccine12,GPGPG,174
Vaccine12,GPGPG,194
Vaccine2,EAAAK,55
Vaccine2,EAAAK,206
Vaccine2,GPGPG,220
Vaccine2,GPGPG,234
Vaccine2,GPGPG,249
Vaccine2,GPGPG,263
Vaccine2,GPGPG,277
Vaccine2,GPGPG,315
Vaccine3,EAAAK,55
Vaccine3,EAAAK,206
Vaccine3,GPGPG,220
Vaccine3,GPGPG,234
Vaccine3,GPGPG,268
Vaccine3,GPGPG,287
Vaccine3,GPGPG,301
Vaccine3,GPGPG,315
Vaccine4,EAAAK,10
Vaccine4,EAAAK,161
Vaccine4,EAAAK,257
Vaccine4,GPGPG,175
Vaccine4,GPGPG,189
Vaccine4,GPGPG,204
Vaccine4,GPGPG,218
Vaccine4,GPGPG,232
Vaccine4,GPGPG,277
Vaccine5,EAAAK,10
Vaccine5,EAAAK,161
Vaccine5,EAAAK,292
Vaccine5,GPGPG,175
Vaccine5,GPGPG,189
Vaccine5,GPGPG,204
Vaccine5,GPGPG,218
Vaccine5,GPGPG,232
Vaccine6,EAAAK,10
Vaccine6,EAAAK,161
Vaccine6,EAAAK,292
Vaccine6,GPGPG,175
Vaccine6,GPGPG,189
Vaccine6,GPGPG,204
Vaccine6,GPGPG,218
Vaccine6,GPGPG,232
Vaccine7,EAAAK,10
Vaccine7,EAAAK,161
Vaccine7,EAAAK,251
Vaccine7,GPGPG,175
Vaccine7,GPGPG,189
Vaccine7,GPGPG,204
Vaccine7,GPGPG,218
Vaccine7,GPGPG,232
Vaccine7,GPGPG,271
Vaccine7,GPGPG,291
Vaccine8,EAAAK,10
Vaccine8,EAAAK,161
Vaccine8,EAAAK,266
Vaccine8,GPGPG,175
Vaccine8,GPGPG,189
Vaccine8,GPGPG,204
Vaccine8,GPGPG,218
Vaccine8,GPGPG,232
Vaccine8,GPGPG,286
Vaccine9,EAAAK,52
Vaccine9,EAAAK,203
Vaccine9,EAAAK,290
Vaccine9,GPGPG,217
Vaccine9,GPGPG,231
Vaccine9,GPGPG,246
Vaccine9,GPGPG,260
Vaccine9,GPGPG,274
