allele,seq_num,start,end,length,core_peptide,peptide,score,rank
HLA-DQA1*03:01/DQB1*03:02,2,611,625,15,VEGAAAEGD,PPMVEGAAAEGDDGD,0.0642,0.01
HLA-DQA1*01:02/DQB1*06:02,5,556,570,15,VRGSALYEA,SDREVRGSALYEAST,0.8806,0.01
HLA-DRB3*02:02,4,323,337,15,FVTNTTVGI,TSSFVTNTTVGIELP,0.9503,0.01
HLA-DRB1*15:01,1,174,188,15,IKRYKNRVA,ELEIKRYKNRVASRK,0.9726,0.01
HLA-DQA1*01:02/DQB1*06:02,4,451,465,15,NNPATVQIQ,GTLNNPATVQIQFAY,0.8616,0.03
HLA-DRB5*01:01,4,507,521,15,YGKAVAAKR,SSIYGKAVAAKRLGD,0.8942,0.03
HLA-DRB1*15:01,4,256,270,15,IVDYDNRGT,NYKIVDYDNRGTNPQ,0.9581,0.03
HLA-DQA1*01:01/DQB1*05:01,4,599,613,15,IHVYNDYHH,GNEIHVYNDYHHFKT,0.0971,0.04
HLA-DQA1*04:01/DQB1*04:02,1,80,94,15,ENAYQAYAA,PAPENAYQAYAAPQL,0.4262,0.04
HLA-DQA1*04:01/DQB1*04:02,4,604,618,15,YHHFKTIEL,VYNDYHHFKTIELDG,0.4073,0.05
HLA-DRB1*11:01,5,69,83,15,YKLIYKTSG,LNRYKLIYKTSGTLG,0.9717,0.05
HLA-DPA1*02:01/DPB1*14:01,1,198,212,15,REVAAAKSS,QHYREVAAAKSSEND,0.4178,0.06
HLA-DQA1*01:02/DQB1*06:02,6,166,180,15,NITAVVRAQ,NSTNITAVVRAQGLD,0.8355,0.07
HLA-DQA1*04:01/DQB1*04:02,5,293,307,15,VAFFKVGHA,EVSVAFFKVGHAVGE,0.39,0.08
HLA-DRB4*01:01,6,171,185,15,VRAQGLDVT,TAVVRAQGLDVTLPL,0.8923,0.08
HLA-DRB1*15:01,4,79,93,15,LMVFKDNII,EGLLMVFKDNIIPYS,0.9177,0.08
HLA-DRB1*07:01,4,219,233,15,FVTTTGQTV,FDFFVTTTGQTVEMS,0.9358,0.08
HLA-DRB1*04:05,5,154,168,15,YVALSINGD,HLSYVALSINGDKFQ,0.965,0.08
HLA-DPA1*02:01/DPB1*01:01,10,83,97,15,FNSILFALL,DPPFNSILFALLAAA,0.3627,0.09
HLA-DRB1*13:02,6,65,79,15,LTPHTKAVY,FGQLTPHTKAVYQPR,0.7931,0.09
HLA-DPA1*02:01/DPB1*01:01,5,625,639,15,LETTTYITS,KEGLETTTYITSQEV,0.3561,0.11
HLA-DRB1*09:01,6,300,314,15,IVFSDEIPA,QSNIVFSDEIPASQD,0.838,0.11
HLA-DQA1*05:01/DQB1*03:01,4,167,181,15,PTGGLANGV,NLKPTGGLANGVRRY,0.8885,0.11
HLA-DQA1*01:02/DQB1*06:02,5,99,113,15,VDASKVHPG,SMQVDASKVHPGVIS,0.7794,0.13
HLA-DQA1*01:02/DQB1*06:02,4,816,830,15,SVASRALQA,AGPSVASRALQAARD,0.7808,0.13
HLA-DPA1*02:01/DPB1*01:01,6,811,825,15,YNATTYLPP,RPRYNATTYLPPSTS,0.3401,0.14
HLA-DQA1*03:01/DQB1*03:02,4,149,163,15,LTRVYVDRD,KDGLTRVYVDRDGVN,0.0409,0.15
HLA-DQA1*04:01/DQB1*04:02,4,352,366,15,YEAVQDRYT,HEKYEAVQDRYTKGQ,0.3721,0.15
HLA-DPA1*01:03/DPB1*02:01,10,253,267,15,ILQTNFKSL,GGSILQTNFKSLSST,0.8426,0.15
HLA-DRB4*01:01,5,631,645,15,ITSQEVQNS,TTYITSQEVQNSILS,0.8028,0.16
HLA-DQA1*01:02/DQB1*06:02,4,842,856,15,TAAALLGEA,DPETAAALLGEAETE,0.7687,0.17
HLA-DQA1*01:02/DQB1*06:02,6,642,656,15,NATSAVTTG,QPKNATSAVTTGQHN,0.7656,0.18
HLA-DRB1*03:01,1,222,236,15,LDVDSIIPR,CPSLDVDSIIPRTPD,0.9342,0.18
HLA-DRB1*01:01,4,591,605,15,YYFQSGNEI,TSQYYFQSGNEIHVY,0.9544,0.19
HLA-DPA1*02:01/DPB1*01:01,11,379,393,15,LSSTEFIPN,NFKSLSSTEFIPNLF,0.3078,0.2
HLA-DRB3*01:01,6,320,334,15,YVGDNATYS,TDITYVGDNATYSVP,0.7703,0.21
HLA-DRB1*07:01,5,549,563,15,FIISSDREV,NVTFIISSDREVRGS,0.8859,0.21
HLA-DQA1*04:01/DQB1*04:02,1,58,72,15,LTAYHVSTA,QGQLTAYHVSTAPTG,0.3372,0.22
HLA-DPA1*02:01/DPB1*14:01,4,416,430,15,RGSTPAAVL,SAARGSTPAAVLRRR,0.3304,0.23
HLA-DRB5*01:01,5,406,420,15,FQPLHTVMR,RHPLFQPLHTVMRET,0.7391,0.23
HLA-DPA1*02:01/DPB1*01:01,4,122,136,15,FSVDSYETD,EEKFSVDSYETDQMD,0.2996,0.24
HLA-DRB1*15:01,4,102,116,15,ILIYNGWYA,IVTNILIYNGWYADS,0.8709,0.24
HLA-DRB1*15:01,4,722,736,15,ISFFKNPFG,VSGFISFFKNPFGGM,0.871,0.24
HLA-DRB1*07:01,6,699,713,15,ITQVTPASI,GENITQVTPASISTH,0.8731,0.24
HLA-DRB3*02:02,6,380,394,15,FASNRTFDI,SGAFASNRTFDITVS,0.7545,0.26
HLA-DPA1*01:03/DPB1*02:01,2,563,577,15,LQTHIFAEV,MVFLQTHIFAEVLKD,0.7764,0.26
HLA-DQA1*05:01/DQB1*02:01,6,112,126,15,VTTGEEQQV,PINVTTGEEQQVSLE,0.698,0.28
HLA-DQA1*04:01/DQB1*04:02,7,82,96,15,LHTFQVPQN,TPTLHTFQVPQNYTK,0.3079,0.32
HLA-DQA1*01:01/DQB1*05:01,4,312,326,15,IHFVTDEGT,GKSIHFVTDEGTSSF,0.0506,0.33
HLA-DQA1*05:01/DQB1*02:01,4,569,583,15,LGTDNEIFL,EGQLGTDNEIFLTKK,0.6829,0.34
HLA-DQA1*01:02/DQB1*06:02,1,116,130,15,NSTVQTAAA,PGDNSTVQTAAAVVF,0.696,0.35
HLA-DPA1*01:03/DPB1*02:01,5,174,188,15,FLMGTYKRV,TSKFLMGTYKRVTEK,0.7436,0.35
HLA-DRB1*11:01,1,23,37,15,FDQATRVYQ,VQAFDQATRVYQDLG,0.9119,0.35
HLA-DPA1*02:01/DPB1*14:01,6,404,418,15,RTATNATTT,IITRTATNATTTTHK,0.2768,0.36
HLA-DRB3*02:02,5,428,442,15,LRLNVTTQG,VLRELRLNVTTQGPN,0.6808,0.4
HLA-DRB1*09:01,7,60,74,15,FNKTAEQEY,PVNFNKTAEQEYGDK,0.7755,0.4
HLA-DRB1*09:01,5,562,576,15,YEASTTYLS,GSALYEASTTYLSSS,0.7701,0.41
HLA-DRB1*13:02,4,248,262,15,FHVRTNYKI,ADSFHVRTNYKIVDY,0.6808,0.44
HLA-DPA1*02:01/DPB1*14:01,5,163,177,15,FQYTGAMTS,NGDKFQYTGAMTSKF,0.25,0.46
HLA-DRB5*01:01,1,190,204,15,FKQLLQHYR,RAKFKQLLQHYREVA,0.6455,0.46
HLA-DRB1*09:01,5,79,93,15,LGIALAEPV,SGTLGIALAEPVDIP,0.7521,0.46
HLA-DRB1*15:01,5,336,350,15,VKGMQSYGL,YGATVKGMQSYGLER,0.8298,0.46
HLA-DRB4*01:01,4,468,482,15,INRMLGDLA,LRRQINRMLGDLARA,0.5789,0.47
HLA-DQA1*05:01/DQB1*03:01,11,367,381,15,IAGGSILQT,SALIAGGSILQTNFK,0.7676,0.48
HLA-DRB1*04:05,5,319,333,15,FFELTVLKD,AKSFFELTVLKDIIG,0.8618,0.5
HLA-DQA1*01:02/DQB1*06:02,4,530,544,15,QATVTLRKS,PVNQATVTLRKSMRV,0.6583,0.51
HLA-DRB1*08:02,6,192,206,15,FSVKTEMLG,QDSNFSVKTEMLGNE,0.7826,0.53
HLA-DRB1*15:01,4,175,189,15,VRRYASQTE,ANGVRRYASQTELYD,0.8106,0.53
HLA-DRB5*01:01,6,60,74,15,FGQLTPHTK,QLDLDFGQLTPHTKA,0.6216,0.55
HLA-DQA1*05:01/DQB1*03:01,6,771,785,15,STGGKANST,TVTSTGGKANSTTGG,0.7602,0.55
HLA-DRB1*04:01,4,110,124,15,YADSVTNRH,NGWYADSVTNRHEEK,0.8172,0.56
HLA-DQA1*04:01/DQB1*04:02,6,707,721,15,ISTHHVSTS,PASISTHHVSTSSPA,0.2686,0.57
HLA-DPA1*01:03/DPB1*02:01,5,313,327,15,WLAKSFFEL,VDLRWLAKSFFELTV,0.6512,0.57
HLA-DQA1*05:01/DQB1*03:01,6,555,569,15,PTSAVTTPT,KTSPTSAVTTPTPNA,0.7469,0.59
HLA-DRB1*03:01,5,617,631,15,LSYDEKEGL,FALLSYDEKEGLETT,0.8438,0.59
HLA-DPA1*02:01/DPB1*14:01,4,834,848,15,RRYHDPETA,GLRRRRYHDPETAAA,0.2288,0.6
HLA-DRB1*07:01,10,22,36,15,FTASVSTVV,ASCFTASVSTVVSAT,0.7721,0.62
HLA-DRB1*11:01,4,279,293,15,YTLSWKLEN,KGTYTLSWKLENRTA,0.8549,0.63
HLA-DRB5*01:01,2,474,488,15,FENIAEGLR,SNPKFENIAEGLRAL,0.5829,0.64
HLA-DRB1*15:01,7,145,159,15,ILPVVTRNL,TPDILPVVTRNLNAI,0.7641,0.65
HLA-DRB1*15:01,2,504,518,15,VFVYGGSKT,VAGVFVYGGSKTSLY,0.7714,0.65
HLA-DPA1*02:01/DPB1*05:01,4,635,649,15,FASLELYSR,NIDFASLELYSRDEQ,0.1469,0.66
HLA-DPA1*02:01/DPB1*05:01,4,460,474,15,FAYDSLRRQ,QIQFAYDSLRRQINR,0.147,0.66
HLA-DRB1*08:02,5,371,385,15,YALRLATVG,KQEYALRLATVGYPK,0.7585,0.67
HLA-DPA1*01:03/DPB1*02:01,5,230,244,15,VHYANFHNY,TTFVHYANFHNYFVP,0.6088,0.68
HLA-DRB1*11:01,3,513,527,15,LYNLRRGIG,SKTSLYNLRRGIGLA,0.8434,0.69
HLA-DPA1*03:01/DPB1*04:02,5,476,490,15,YLSLRFDLT,SPCYLSLRFDLTRDK,0.3235,0.72
HLA-DQA1*05:01/DQB1*03:01,5,385,399,15,VYSGLIGGA,KAGVYSGLIGGATSV,0.6944,0.74
HLA-DQA1*05:01/DQB1*03:01,5,587,601,15,AVAGEPRQI,CSQGAVAGEPRQIPK,0.6968,0.74
HLA-DPA1*02:01/DPB1*14:01,4,93,107,15,RSYTKIVTN,SFKVRSYTKIVTNIL,0.21,0.76
HLA-DQA1*05:01/DQB1*02:01,4,127,141,15,YETDQMDTI,VDSYETDQMDTIYQC,0.5509,0.78
HLA-DRB3*01:01,6,800,814,15,YGGDSTTPR,TTDYGGDSTTPRPRY,0.5531,0.78
HLA-DQA1*01:02/DQB1*06:02,4,261,275,15,NRGTNPQGE,DYDNRGTNPQGERRA,0.5959,0.79
HLA-DRB1*04:05,4,387,401,15,LATVKNLTE,PRSLATVKNLTELTT,0.7994,0.79
HLA-DPA1*02:01/DPB1*14:01,6,791,805,15,RTSTEPTTD,HGARTSTEPTTDYGG,0.2068,0.8
HLA-DRB1*11:01,2,461,475,15,WFGKHRGQG,KGGWFGKHRGQGGSN,0.8139,0.82
HLA-DRB1*01:01,4,621,635,15,FISLNTSLI,TLQTFISLNTSLIEN,0.8225,0.82
HLA-DQA1*01:02/DQB1*06:02,4,497,511,15,INPTTVMSS,LTKINPTTVMSSIYG,0.583,0.84
HLA-DRB1*15:01,5,127,141,15,LFYYIGTML,EKQLFYYIGTMLPNT,0.7261,0.84
HLA-DRB1*15:01,6,278,292,15,LYVFYSGNG,NSILYVFYSGNGPKA,0.7185,0.86
HLA-DRB3*01:01,4,671,685,15,LRKDLDNAV,IAGLRKDLDNAVSNG,0.5056,0.87
HLA-DQA1*04:01/DQB1*04:02,2,411,425,15,YFEYHQEGG,EADYFEYHQEGGPDG,0.24,0.92
HLA-DRB1*11:01,6,257,271,15,YAYSLRLTP,GTGYAYSLRLTPRPV,0.7918,0.94
HLA-DPA1*02:01/DPB1*14:01,5,249,263,15,RAVTMTAAS,MFSRAVTMTAASYAR,0.1952,0.95
HLA-DQA1*04:01/DQB1*04:02,4,87,101,15,PYSFKVRSY,DNIIPYSFKVRSYTK,0.2364,0.97
HLA-DPA1*01:03/DPB1*02:01,4,576,590,15,FLTKKMTEV,NEIFLTKKMTEVCQA,0.5438,0.97
HLA-DQA1*04:01/DQB1*04:02,6,73,87,15,YQPRGAFGG,KAVYQPRGAFGGSEN,0.2355,0.98
HLA-DRB4*01:01,5,433,447,15,VTTQGPNLA,RLNVTTQGPNLALYQ,0.4448,0.98
HLA-DRB4*01:01,6,120,134,15,VSLESVDVY,EQQVSLESVDVYFQD,0.4449,0.98
HLA-DRB1*13:02,4,161,175,15,ITVNLKPTG,GVNITVNLKPTGGLA,0.6056,0.98
HLA-DRB3*02:02,6,271,285,15,FLGNNSILY,VSRFLGNNSILYVFY,0.4547,0.99
HLA-DPA1*03:01/DPB1*04:02,4,663,677,15,FQAQNIAGL,EYNFQAQNIAGLRKD,0.2902,1.0
HLA-DPA1*01:03/DPB1*04:01,4,553,567,15,LVSFSFIND,SRPLVSFSFINDTKT,0.2465,1.1
HLA-DPA1*01:03/DPB1*04:01,4,347,361,15,TMHEKYEAV,VNKTMHEKYEAVQDR,0.2802,1.1
HLA-DRB4*01:01,7,47,61,15,VEVWPVDPP,KPNVEVWPVDPPPPV,0.43,1.1
HLA-DRB3*01:01,11,85,99,15,LQHDGNDGL,YLGLQHDGNDGLPPP,0.4396,1.1
HLA-DRB3*02:02,6,882,896,15,FRRNLSTSH,DCAFRRNLSTSHTYT,0.441,1.1
HLA-DRB1*12:01,2,530,544,15,LTPLSRLPF,QCRLTPLSRLPFGMA,0.5868,1.1
HLA-DRB1*13:02,5,510,524,15,FLGRLSLER,VDGFLGRLSLEREDR,0.6023,1.1
HLA-DQA1*05:01/DQB1*03:01,6,365,379,15,LTSGTPSGC,KWTLTSGTPSGCENI,0.6445,1.1
HLA-DQA1*05:01/DQB1*03:01,7,34,48,15,VAAAAITWV,GGRVAAAAITWVPKP,0.6473,1.1
HLA-DQA1*05:01/DQB1*03:01,6,326,340,15,ATYSVPMVT,GDNATYSVPMVTSED,0.6512,1.1
HLA-DRB1*04:05,5,195,209,15,FGKTKDLPD,SLIFGKTKDLPDLRG,0.7467,1.1
HLA-DRB1*04:01,11,71,85,15,YQPLGTQDQ,HSDYQPLGTQDQSLY,0.7494,1.1
HLA-DRB1*04:05,5,53,67,15,WREANVTED,EALWREANVTEDLAS,0.7658,1.1
HLA-DRB1*11:01,11,167,181,15,YAAAQRKLL,VASSYAAAQRKLLTP,0.7777,1.1
HLA-DPA1*02:01/DPB1*14:01,7,193,207,15,KFSTVPVSH,TYVSKFSTVPVSHHE,0.1761,1.2
HLA-DRB5*01:01,5,419,433,15,FIGSHVVLR,ETLFIGSHVVLRELR,0.4763,1.2
HLA-DQA1*05:01/DQB1*03:01,6,737,751,15,TKPGEVNVT,STSTKPGEVNVTKGT,0.6359,1.2
HLA-DRB1*04:05,6,347,361,15,FWAWPNNTE,TVTAFWAWPNNTETD,0.7332,1.2
HLA-DRB1*01:01,5,488,502,15,LLSMAPQEA,RDKLLSMAPQEAMLD,0.7759,1.2
HLA-DPA1*02:01/DPB1*14:01,4,807,821,15,RAAQRAAGP,EQKRAAQRAAGPSVA,0.1682,1.3
HLA-DRB3*02:02,6,416,430,15,VIFSKAPES,THKVIFSKAPESTTT,0.3923,1.3
HLA-DQA1*05:01/DQB1*03:01,3,92,106,15,AGAGGAGAG,GGGAGAGGAGAGGAG,0.6069,1.3
HLA-DRB1*09:01,3,402,416,15,FHPVAEADY,RRPFFHPVAEADYFE,0.6618,1.3
HLA-DQA1*01:01/DQB1*05:01,7,65,79,15,EQEYGDKEV,KTAEQEYGDKEVKLP,0.0271,1.4
HLA-DPA1*01:03/DPB1*04:01,5,639,653,15,ILSSNYFDF,VQNSILSSNYFDFDN,0.2022,1.4
HLA-DRB3*02:02,11,61,75,15,YWGNGDRHS,EDPYWGNGDRHSDYQ,0.3751,1.4
HLA-DRB4*01:01,6,673,687,15,LSPSTSDNS,PETLSPSTSDNSTSH,0.3815,1.4
HLA-DQA1*01:02/DQB1*06:02,1,121,135,15,QTAAAVVFA,TVQTAAAVVFACPGA,0.5117,1.4
HLA-DQA1*05:01/DQB1*03:01,5,104,118,15,VHPGVISGL,ASKVHPGVISGLNSP,0.6012,1.4
HLA-DRB1*04:01,4,393,407,15,LTELTTPTS,VKNLTELTTPTSSPP,0.7101,1.4
HLA-DRB1*01:01,10,302,316,15,FMSLGGLLT,GPVFMSLGGLLTMVA,0.7421,1.4
HLA-DQA1*04:01/DQB1*04:02,4,136,150,15,YQCYNAVKM,DTIYQCYNAVKMTKD,0.2056,1.5
HLA-DRB3*01:01,4,610,624,15,IELDGIATL,HFKTIELDGIATLQT,0.3587,1.5
HLA-DQA1*05:01/DQB1*02:01,5,666,680,15,IAGLYEERA,TVMEIAGLYEERAHV,0.4573,1.5
HLA-DRB1*12:01,7,156,170,15,IESLWVGVY,LNAIESLWVGVYRVG,0.5412,1.5
HLA-DQA1*05:01/DQB1*03:01,1,148,162,15,PVAAPARRT,QPAPVAAPARRTRKP,0.586,1.5
HLA-DQA1*05:01/DQB1*03:01,2,486,500,15,LARSHVERT,RALLARSHVERTTDE,0.5916,1.5
HLA-DRB1*07:01,6,43,57,15,VNVTINFDV,TADVNVTINFDVGGK,0.6276,1.5
HLA-DRB1*03:01,4,558,572,15,FINDTKTYE,SFSFINDTKTYEGQL,0.6878,1.5
HLA-DQA1*01:01/DQB1*05:01,1,8,22,15,VKFTPDPYQ,SEDVKFTPDPYQVPF,0.0254,1.6
HLA-DRB1*08:02,5,40,54,15,LMAKVPGLS,WTELMAKVPGLSPEA,0.5955,1.6
HLA-DRB1*04:01,6,240,254,15,ILTSTSPVA,PSGGILTSTSPVATP,0.6808,1.6
HLA-DRB1*04:01,6,386,400,15,FDITVSGLG,NRTFDITVSGLGTAP,0.6888,1.6
HLA-DPA1*02:01/DPB1*14:01,6,399,413,15,LIITRTATN,APKTLIITRTATNAT,0.1478,1.7
HLA-DQA1*04:01/DQB1*04:02,6,411,425,15,TTTHKVIFS,NATTTTHKVIFSKAP,0.1994,1.7
HLA-DQA1*04:01/DQB1*04:02,5,25,39,15,IEGHASHYT,LHLDIEGHASHYTIP,0.2012,1.7
HLA-DRB4*01:01,6,13,27,15,IHLTGEDPG,QSLIHLTGEDPGFFN,0.3416,1.7
HLA-DPA1*01:03/DPB1*02:01,4,658,672,15,FREYNFQAQ,EGIFREYNFQAQNIA,0.387,1.7
HLA-DRB1*12:01,4,782,796,15,INPISKTEL,EGPGINPISKTELQA,0.5093,1.7
HLA-DQA1*05:01/DQB1*03:01,2,242,256,15,AGAGGAGGA,AGGAGAGGAGGAGAG,0.5673,1.7
HLA-DPA1*02:01/DPB1*01:01,1,85,99,15,YAAPQLFPV,AYQAYAAPQLFPVSD,0.1385,1.8
HLA-DPA1*01:03/DPB1*04:01,5,189,203,15,VLSLIFGKT,GDEHVLSLIFGKTKD,0.1706,1.8
HLA-DPA1*01:03/DPB1*04:01,4,227,241,15,VEMSPFYDG,GQTVEMSPFYDGKNK,0.1715,1.8
HLA-DPA1*01:03/DPB1*04:01,4,628,642,15,IENIDFASL,LNTSLIENIDFASLE,0.1577,1.9
HLA-DQA1*01:02/DQB1*06:02,1,70,84,15,SWFSAPQPA,PTGSWFSAPQPAPEN,0.4548,1.9
HLA-DQA1*05:01/DQB1*03:01,4,410,424,15,PAPSAARGS,PSPPAPSAARGSTPA,0.5384,1.9
HLA-DQA1*05:01/DQB1*03:01,6,441,455,15,TTTGLPSST,DPNTTTGLPSSTHVP,0.542,1.9
HLA-DRB1*08:02,6,359,373,15,FKCKWTLTS,ETDFKCKWTLTSGTP,0.5579,1.9
HLA-DRB1*07:01,4,300,314,15,FDSTIATET,WQTFDSTIATETGKS,0.5634,1.9
HLA-DRB1*04:01,1,91,105,15,LFPVSDITQ,APQLFPVSDITQNQQ,0.6166,1.9
HLA-DQA1*04:01/DQB1*04:02,5,179,193,15,YKRVTEKGD,MGTYKRVTEKGDEHV,0.1883,2.0
HLA-DRB3*02:02,6,829,843,15,WTFTSPPVT,RPRWTFTSPPVTTAQ,0.2864,2.0
HLA-DPA1*01:03/DPB1*02:01,5,651,665,15,LHVHYLLLT,FDNLHVHYLLLTTNG,0.3513,2.0
HLA-DRB1*13:02,5,398,412,15,LSAYNRHPL,SVLLSAYNRHPLFQP,0.4966,2.0
HLA-DRB1*08:02,7,41,55,15,WVPKPNVEV,AITWVPKPNVEVWPV,0.5479,2.0
HLA-DRB1*01:01,4,379,393,15,WLPLTPRSL,LLAWLPLTPRSLATV,0.6574,2.0
HLA-DRB1*01:01,10,88,102,15,FALLAAAGG,SILFALLAAAGGLQG,0.6614,2.0
HLA-DQA1*01:01/DQB1*05:01,6,433,447,15,TTGFADPNT,TLNTTGFADPNTTTG,0.022,2.1
HLA-DPA1*02:01/DPB1*14:01,8,220,234,15,RHHLLVSGA,NEGRHHLLVSGAGDG,0.131,2.1
HLA-DQA1*04:01/DQB1*04:02,4,243,257,15,ADSFHVRTN,TFHERADSFHVRTNY,0.1858,2.1
HLA-DRB3*01:01,5,58,72,15,VTEDLASML,EANVTEDLASMLNRY,0.2752,2.1
HLA-DRB5*01:01,5,288,302,15,FEVSVAFFK,LTTMFEVSVAFFKVG,0.3539,2.1
HLA-DRB1*15:01,4,191,205,15,IWTYRTRTT,PGWLIWTYRTRTTVN,0.5003,2.1
HLA-DQA1*05:01/DQB1*03:01,5,10,24,15,WEVGAASLS,VLLWEVGAASLSEVK,0.5106,2.1
HLA-DRB1*11:01,4,535,549,15,LRKSMRVPG,TVTLRKSMRVPGSET,0.6564,2.1
HLA-DPA1*02:01/DPB1*14:01,4,156,170,15,RDGVNITVN,YVDRDGVNITVNLKP,0.1257,2.2
HLA-DQA1*01:02/DQB1*06:02,6,732,746,15,NSSTSTKPG,GPGNSSTSTKPGEVN,0.4278,2.2
HLA-DQA1*01:02/DQB1*06:02,6,659,673,15,TSSMSLRPS,SSSTSSMSLRPSSNP,0.4314,2.2
HLA-DQA1*05:01/DQB1*03:01,11,6,20,15,MGAGPPSPG,MVPMGAGPPSPGGDP,0.504,2.2
HLA-DRB1*04:01,1,18,32,15,FVQAFDQAT,YQVPFVQAFDQATRV,0.5676,2.2
HLA-DPA1*01:03/DPB1*02:01,4,502,516,15,VMSSIYGKA,PTTVMSSIYGKAVAA,0.3129,2.3
HLA-DQA1*05:01/DQB1*03:01,3,83,97,15,AHGGTGAGG,KGAHGGTGAGGGAGA,0.4916,2.3
HLA-DQA1*05:01/DQB1*03:01,6,719,733,15,PRPGTTSQA,SPAPRPGTTSQASGP,0.4959,2.3
HLA-DRB1*07:01,4,367,381,15,YFITSGGLL,EAITYFITSGGLLLA,0.5228,2.3
HLA-DRB1*04:01,6,332,346,15,MVTSEDANS,SVPMVTSEDANSPNV,0.563,2.3
HLA-DQA1*01:01/DQB1*05:01,6,125,139,15,DVYFQDVFG,LESVDVYFQDVFGTM,0.0205,2.4
HLA-DRB3*02:02,5,579,593,15,VIMNKCSQG,LSPVIMNKCSQGAVA,0.2362,2.4
HLA-DPA1*02:01/DPB1*14:01,4,1,15,15,RVLSVVVLL,MTRRRVLSVVVLLAA,0.1192,2.5
